Factor_Name,Factor_Ret
I01,-0.6031677986542481
I02,-7.152612831144063
I03,-4.249358586607283
I04,-0.5631467219118558
I05,28.141864488576054
I06,15.760472380244849
I07,4.338174618170006
I08,6.984090184928365
I09,12.234257296454778
I10,7.243760844175881
I11,20.358831788995026
I12,-4.796712738955549
I13,-4.3373061987576715
I14,1.8621095189822752
I15,-3.5847900081607795
I16,6.846613059662764
I17,6.469807113585952
I18,-1.2732030334863031
I19,3.5540566583806594
I20,-6.149536694482611
