Factor_Name,Factor_Ret
F01,4.510361667340294
F02,-0.41569402460019744
F03,-2.801557951930326
F04,1.8350999600661702
F05,2.2646124099847076
F06,-0.7092777022898578
F07,-2.3924282641523806
F08,0.8963626516057054
F09,-2.462613463778402
F10,2.249992512370809
