Factor_Name,Factor_Ret
I01,5.103956477401496
I02,1.4357215591949903
I03,-5.597135034734484
I04,-4.649227057425628
I05,0.7450064088702488
I06,9.734487861843053
I07,12.374643629895415
I08,4.930542904217479
I09,-0.20885800264515098
I10,2.7922933754352846
I11,3.554234781679252
I12,6.768232125647244
I13,2.313067171470743
I14,8.539687906402804
I15,-15.792085314132676
I16,-10.307841713147392
I17,10.190807241505674
I18,-4.125414263008613
I19,-4.8865770977197
I20,-16.254625117207535
