Factor_Name,Factor_Ret
F01,-1.3693215781227024
F02,0.0737255684076904
F03,-4.018580191632012
F04,-2.536563083791155
F05,-2.5897583102935524
F06,1.059490922544105
F07,0.0005213788887247772
F08,1.8475804248714796
F09,1.006935538262804
F10,-4.924559259848515
