Factor_Name,Factor_Ret
I01,3.7454949917981097
I02,-9.813720755663336
I03,-12.631574177741498
I04,13.732573293244016
I05,-12.431359638660535
I06,0.7456096993841435
I07,5.139427164367883
I08,-11.434211966261104
I09,-8.66223423177918
I10,-2.761861870172609
I11,5.105572541975727
I12,-13.173863355504686
I13,-0.08220739766278129
I14,4.708305001880273
I15,-10.730127453722513
I16,3.7917785133454274
I17,10.954891619345775
I18,9.284665502538903
I19,8.121312276174212
I20,17.21070666102048
