Factor_Name,Factor_Ret
F01,2.6238015928226135
F02,-2.3487643027533047
F03,3.720646663804683
F04,0.9870917404661043
F05,-0.3546775685263476
F06,-2.8396576391506283
F07,0.8120826798917875
F08,0.7120686937445392
F09,1.3839779094122107
F10,-3.633354820024885
