Factor_Name,Factor_Ret
I01,10.533439451176788
I02,7.456464923178521
I03,1.2974099950758622
I04,-6.118483957552284
I05,-1.6667520221243768
I06,-14.613790456406484
I07,24.33135495600486
I08,-0.2186252936159816
I09,3.9744755615153613
I10,-9.459350217224584
I11,9.084675252562613
I12,-5.8631674361539465
I13,-7.82796397713966
I14,5.4005261050995506
I15,7.324069489469419
I16,-11.893012894626091
I17,-7.926350808919306
I18,-2.120911144293318
I19,-2.491116701788656
I20,0.3868754197187272
