Factor_Name,Factor_Ret
F01,1.4871379215291973
F02,1.2819536674873822
F03,-2.9502797943523693
F04,-0.8430035650967931
F05,0.09263130454300905
F06,0.9123739584436896
F07,1.4759859544334777
F08,1.7606771866294528
F09,-0.2872497435058192
F10,-1.3498441040981868
