Factor_Name,Factor_Ret
I01,-7.860172216728106
I02,-3.1511810024690186
I03,7.3554040984301565
I04,0.41938479432822356
I05,-8.845698372041465
I06,5.358512794311252
I07,7.115980080981397
I08,-5.714729210706672
I09,-12.245876206591166
I10,-0.9947486191962762
I11,4.751456500012259
I12,-2.1990413917591787
I13,6.86025405502195
I14,-3.450538227551669
I15,-0.78401036281325
I16,4.1457986619091844
I17,1.4928733375625978
I18,3.4402767595997683
I19,3.7021247892053717
I20,-7.870361844695224
