Factor_Name,Factor_Ret
F01,0.9256932751613206
F02,-1.1082795804740884
F03,-4.66145872297507
F04,0.49473746423522247
F05,2.325740098875173
F06,-0.9338251594457208
F07,-0.9720167978566562
F08,1.278357855035564
F09,0.37065982909668616
F10,-0.9284556919936084
