Factor_Name,Factor_Ret
I01,-5.864092169105585
I02,-14.36626696694181
I03,1.5643772124798314
I04,8.977810250725305
I05,-1.4063609712152187
I06,12.559106803681534
I07,9.1382065118147
I08,-2.7783088205843307
I09,-6.419286059573859
I10,8.086130276839633
I11,10.241056811837048
I12,-4.588498731572782
I13,3.2788759073558893
I14,-1.2904752719452683
I15,-4.444863581114454
I16,6.115359872899754
I17,3.394159412366946
I18,-7.809934808435996
I19,10.940393379587533
I20,3.915977832785797
