Factor_Name,Factor_Ret
F01,0.8560436510902455
F02,4.356638074138398
F03,1.5555183990048007
F04,-2.8341006091897927
F05,1.6800076241462325
F06,0.6845328513180402
F07,-1.0660029458878877
F08,-1.8959809697553642
F09,3.025539126936809
F10,-1.2674921434162096
