Factor_Name,Factor_Ret
I01,5.409158350234167
I02,0.629535744323956
I03,3.178697600237216
I04,7.131093367249259
I05,5.694560421762333
I06,3.200715043764005
I07,5.36799733900214
I08,9.409674192309227
I09,-2.713325354494847
I10,-9.152734140505101
I11,-6.551638742037662
I12,-5.500688500337833
I13,6.616253379320122
I14,-8.58783340707497
I15,-2.5097514729579498
I16,7.018160845341045
I17,5.406399055003347
I18,-6.834297067904558
I19,-5.369679992187965
I20,-2.756813355886376
