Factor_Name,Factor_Ret
F01,3.6170654198913375
F02,4.631969761913948
F03,-0.2014294567032865
F04,-1.5318652599278875
F05,1.515288745518647
F06,-3.562301938217952
F07,-0.5729018307775346
F08,1.1150088934264244
F09,1.462239949927027
F10,-0.8402275756228713
