Factor_Name,Factor_Ret
I01,7.574069892905084
I02,-0.46142293353781527
I03,-8.186485818374738
I04,3.446142672991261
I05,-0.4333631055372499
I06,3.3229380075672164
I07,0.6600058319110458
I08,4.3548963818672615
I09,-10.072216155445526
I10,9.88777706671604
I11,15.265121325208131
I12,-10.050120500077258
I13,-8.41561715952659
I14,7.385039208368855
I15,-7.322427391454514
I16,3.7984424996317543
I17,-7.1272877884770125
I18,-0.3061251021823184
I19,-6.515125717355301
I20,-4.353008908351265
