Factor_Name,Factor_Ret
F01,2.954671904151958
F02,0.07339496105412827
F03,1.3934094917487079
F04,0.8490207871688497
F05,1.4402089917414789
F06,-0.9691107925432434
F07,0.345180793208914
F08,2.875015057129334
F09,-1.794249961543543
F10,0.6387084710070963
