Factor_Name,Factor_Ret
I01,-3.00697712199828
I02,11.439899989948309
I03,4.10056419306235
I04,7.257521480103013
I05,-2.26011232514262
I06,-8.252451413296631
I07,15.0274568846806
I08,-4.259005617824747
I09,-4.437995080318101
I10,0.5448109350074986
I11,5.777417504731712
I12,-4.007980251238317
I13,5.116476281733244
I14,16.16104670323687
I15,-13.010223437252328
I16,-0.4931027074972407
I17,2.557907204445401
I18,6.581088744402475
I19,-5.986764854683365
I20,4.088077303024097
