Factor_Name,Factor_Ret
F01,2.1336637577615942
F02,3.5329270745947587
F03,2.5043955157365323
F04,1.2323138228639385
F05,-0.48985538239546517
F06,2.163470879144283
F07,-1.4141507092217243
F08,-0.13163232550046722
F09,-2.2879850698914472
F10,0.5118197748448811
