Factor_Name,Factor_Ret
I01,6.293352410375485
I02,-4.493123157450889
I03,14.364230819088274
I04,10.453249552326882
I05,5.3649041845301495
I06,8.593372532992216
I07,7.240217634603585
I08,-10.103045533673438
I09,0.08894905551336763
I10,-7.519568587454726
I11,-0.6305216725053064
I12,-4.492672948154389
I13,3.086068693610167
I14,-2.0401785772781267
I15,-2.457980292128841
I16,-6.856921262963509
I17,-20.05454177300171
I18,11.06775163670359
I19,0.2296925863856749
I20,5.703303184032215
