Factor_Name,Factor_Ret
F01,5.356989202825489
F02,1.185364926306348
F03,-1.3089722510436164
F04,-0.19589342811744603
F05,-1.5296525522515052
F06,0.0945666138192005
F07,-0.9721303328849323
F08,-0.9193716033914312
F09,-1.2574667291488733
F10,-0.5573998425624149
