Factor_Name,Factor_Ret
I01,11.838063034750567
I02,-14.030114115407255
I03,9.388964384656902
I04,-4.188482750853897
I05,-2.5537035599150446
I06,1.2682431218446684
I07,-1.6094310867504271
I08,16.227448599466456
I09,3.0803857793134926
I10,-4.279056217051941
I11,-10.207332681902358
I12,-1.17963605120281
I13,3.8893751269660584
I14,-6.420602125096472
I15,-3.3165734971548186
I16,11.25625997142725
I17,-18.03432581987289
I18,14.788407034142647
I19,11.718160607351546
I20,7.936670587335092
