Factor_Name,Factor_Ret
F01,-2.1116298921804066
F02,-1.810475996994253
F03,-1.235643227991074
F04,-0.8590896623634239
F05,-0.25933940727556193
F06,3.179993825951059
F07,-1.871373967918375
F08,-1.6903647526988426
F09,-2.374986006068433
F10,-0.6622994980581725
