Factor_Name,Factor_Ret
I01,14.667012602980407
I02,10.69135247418369
I03,4.6305942729419804
I04,-3.73072338144282
I05,-0.9861761664812096
I06,-6.276918541580697
I07,-8.343098992006473
I08,-3.3270301195418543
I09,6.563058595564492
I10,-7.390142581170208
I11,-7.4182252014936605
I12,7.0676950998051975
I13,2.9337285806183315
I14,0.8976247221054461
I15,-8.964057163511901
I16,8.8717764533547
I17,-4.331809191714836
I18,9.650762222643156
I19,-2.1866253710780486
I20,-1.9048999271279818
