Factor_Name,Factor_Ret
F01,2.048295471597511
F02,-1.2233641171170118
F03,2.2861588445790995
F04,1.254905115271903
F05,0.9273915942092987
F06,0.4554403266272984
F07,-2.9902958564408912
F08,0.23464681099545026
F09,-0.3499395785340589
F10,0.2309183007948632
