Factor_Name,Factor_Ret
I01,-1.7334036494757372
I02,1.6587402273763105
I03,3.4688319943140877
I04,-4.351158183299178
I05,-4.795186321235785
I06,-9.40407962236765
I07,3.633521256597125
I08,1.086030061019465
I09,-6.274470420086539
I10,-3.356257265145616
I11,0.5365821325478761
I12,-2.8004220727504907
I13,7.145542817642557
I14,-8.704527051083973
I15,10.532785556967678
I16,8.241600504769474
I17,-7.547571191571059
I18,-1.752664346124283
I19,5.806335588310263
I20,4.2328353982469435
