Factor_Name,Factor_Ret
F01,1.511824929244553
F02,1.4944777911417542
F03,-1.2311788064303177
F04,-1.8579790044628335
F05,1.0463204524795227
F06,-3.8456826419613663
F07,3.584592340915625
F08,3.987501966557536
F09,-3.858783897630567
F10,-0.20128583901622016
