Factor_Name,Factor_Ret
I01,1.7817334531075817
I02,5.5637408515592
I03,-7.621748156450767
I04,-12.88094286391043
I05,-1.7257551793626054
I06,1.8424846323454698
I07,5.5094525533621725
I08,11.683554995996383
I09,-8.025039384634862
I10,-6.550489620754635
I11,6.934109870441578
I12,-12.090538008336647
I13,-0.3039105158136015
I14,-6.355611286733455
I15,1.1677201167346403
I16,-4.289110264246508
I17,-3.632011082652249
I18,-10.126281915677753
I19,5.127033768575868
I20,9.691127134209689
