Factor_Name,Factor_Ret
F01,1.8436502641795203
F02,1.4342681890225062
F03,-2.1466747880845425
F04,0.6905133502662444
F05,2.3458156700674397
F06,0.6257098342478123
F07,-0.5980630691804676
F08,-5.350034466541662
F09,-1.5949357932949462
F10,0.18935848328403565
