Factor_Name,Factor_Ret
I01,-1.3575168607152088
I02,-1.0791081033568788
I03,-7.298945794212594
I04,2.6263471998175008
I05,6.638792841269892
I06,6.052151080094374
I07,-10.310061072821501
I08,-13.316003159731354
I09,1.24939074270792
I10,-1.6877704497970853
I11,4.130877946391532
I12,2.247640505036828
I13,6.573072131846731
I14,1.5058820238388377
I15,7.042742807927977
I16,-0.5532596228574731
I17,-9.346216230030354
I18,10.711151862911128
I19,-1.1216093346353242
I20,-5.889440972652513
