Factor_Name,Factor_Ret
F01,-0.11418463904479065
F02,-1.1540716941531304
F03,-3.838789171218053
F04,1.8997781909052596
F05,-4.152136618466299
F06,-1.093918351788095
F07,2.6101418010924835
F08,-2.0464573077108503
F09,1.2143107518173466
F10,0.6215712249375808
