Factor_Name,Factor_Ret
I01,3.9594761250411077
I02,-6.123059780792049
I03,3.7122248481572515
I04,-4.1695968879810446
I05,-5.14549726599084
I06,7.645890636879633
I07,-11.065097521987948
I08,2.0321037790334344
I09,-5.061214749206023
I10,-12.66800371238999
I11,7.827091131437156
I12,-5.410064047224427
I13,-2.0849528782726336
I14,-1.9408411172773716
I15,-5.016351270589425
I16,-6.221568303391455
I17,3.1767809271929175
I18,11.184493880311763
I19,8.195051485276064
I20,-7.93783060663236
