Factor_Name,Factor_Ret
F01,1.8873087629389425
F02,-0.8270020912077727
F03,-1.5983123745356436
F04,-4.413338000604599
F05,0.02619563458695745
F06,0.53163306184981
F07,0.2063978096523651
F08,0.07851222188839682
F09,-0.8895640210449222
F10,-3.487775018037005
