Factor_Name,Factor_Ret
I01,9.577436595762236
I02,9.245396586675366
I03,-2.0434232305476927
I04,-9.157772854515166
I05,-3.1640964369123803
I06,-1.1303173491438219
I07,-1.0181891479815137
I08,-0.9364169733049423
I09,12.664601239409858
I10,-3.3825284606025257
I11,6.224501488831859
I12,5.751374678574509
I13,19.98109023173886
I14,-4.964974006323488
I15,-13.263570629960533
I16,-2.232514800088752
I17,8.201910246258212
I18,4.461158336641509
I19,-6.043942554825842
I20,3.2124957500388422
