Factor_Name,Factor_Ret
F01,-6.114108046052356
F02,-3.183553786101934
F03,-3.4005084694364474
F04,2.0994669411574476
F05,-0.8207668488635622
F06,0.382119107224842
F07,0.21244223490893843
F08,-1.4552800295665216
F09,-0.5771227175257592
F10,-2.8605100965846404
