Factor_Name,Factor_Ret
I01,-10.939651870451405
I02,0.31477225243576773
I03,1.7109944087212883
I04,11.377625384976579
I05,22.372530920248202
I06,-6.513422733231886
I07,-3.5425147142875257
I08,3.0987710713026195
I09,-3.7210475476952443
I10,-5.650169635252528
I11,6.6142074632511765
I12,-4.940337721632048
I13,5.3156376583851355
I14,-8.95772846208446
I15,7.802348736404941
I16,-2.844785870853257
I17,-2.440858373402837
I18,2.184846513144065
I19,1.6630746625446458
I20,6.991301973565475
