Factor_Name,Factor_Ret
F01,1.7779574100914803
F02,0.8444919256496234
F03,3.001703295762696
F04,1.8620510283746403
F05,-0.8599810515643396
F06,-2.18440034185266
F07,0.3322173070306733
F08,-0.587218977557169
F09,0.44779045924730143
F10,-0.0523193627496823
