Factor_Name,Factor_Ret
I01,1.6091914308370887
I02,3.2270987745556177
I03,2.188925500971546
I04,7.3341202839887725
I05,-7.741035627868371
I06,-9.681232618505238
I07,-3.6235006514719466
I08,-11.987593086312764
I09,0.20767564236656355
I10,5.399631271777422
I11,7.9790813794483
I12,4.743726824288132
I13,-13.48437320270602
I14,-5.099495847645534
I15,2.517891700762023
I16,-0.3967648345014072
I17,-2.390230351214874
I18,-2.467074843307943
I19,3.492952789083663
I20,-2.5341481176910152
