Factor_Name,Factor_Ret
F01,-1.985477177821758
F02,2.000122843157279
F03,-2.531904752701051
F04,1.5937831489777685
F05,-0.48402409766049614
F06,-1.7647333248161479
F07,2.256202475086284
F08,-0.9446507660047102
F09,-1.763149620947413
F10,1.3555568644562306
