Factor_Name,Factor_Ret
I01,-4.115128776311432
I02,-4.6657203119158535
I03,0.5012897292836849
I04,-5.124221711240029
I05,-20.746953656789444
I06,7.360264899444363
I07,-12.039466826501954
I08,4.5212331825129315
I09,7.419450904393441
I10,-0.5869701101583269
I11,11.599291291204919
I12,-1.3990376163391338
I13,-5.99913420759996
I14,-3.84122348118919
I15,-0.6807095613529506
I16,10.359542575199523
I17,-11.49009042531279
I18,5.878048735208578
I19,1.8848255428128655
I20,6.822234502077216
