Factor_Name,Factor_Ret
F01,1.7031979020768366
F02,0.5614448896830103
F03,1.6160983905035444
F04,-0.1754424081881868
F05,0.5852967174218391
F06,1.9662614588787464
F07,1.9633618220289453
F08,2.5742516506760214
F09,1.5332844821666534
F10,2.938899184168297
